AAPL_x,AAPL_y
1,3.1416059
2,3.1416013
3,3.1415994
4,3.1415985
5,3.141598
6,3.1415977
7,3.1415975
8,3.1415973
9,3.1415973
10,3.1415973
11,3.1415973
12,3.1415973
13,3.1415973
14,3.1415973
15,3.1415973
16,3.141597
17,3.141597
18,3.141597
19,3.141597
20,3.141597
21,3.141597
22,3.141597
23,3.141597
24,3.141597
25,3.141597
26,3.141597
27,3.141597
28,3.141597
29,3.141597
30,3.141597
31,3.141597
32,3.141597
33,3.141597
34,3.141597
35,3.141597
36,3.141597
37,3.141597
38,3.141597
39,3.141597
40,3.141597
41,3.141597
42,3.141597
43,3.141597
44,3.141597
45,3.141597
46,3.141597
47,3.141597
48,3.141597
49,3.141597
50,3.141597
51,3.141597
52,3.141597
53,3.141597
54,3.141597
55,3.141597
56,3.141597
57,3.141597
58,3.141597
59,3.141597
60,3.141597
61,3.141597
62,3.141597
63,3.141597
64,3.141597
65,3.141597
66,3.141597
67,3.141597
68,3.141597
69,3.141597
70,3.141597
71,3.141597
72,3.141597
73,3.141597
74,3.141597
75,3.141597
76,3.141597
77,3.141597
78,3.141597
79,3.141597
80,3.141597
81,3.141597
82,3.141597
83,3.141597
84,3.141597
85,3.141597
86,3.141597
87,3.141597
88,3.141597
89,3.141597
90,3.141597
91,3.141597
92,3.141597
93,3.141597
94,3.141597
95,3.141597
96,3.141597
97,3.141597
98,3.141597
99,3.141597
100,3.141597
101,3.141597
102,3.141597
103,3.141597
104,3.141597
105,3.141597
106,3.141597
107,3.141597
108,3.141597
109,3.141597
110,3.141597
111,3.141597
112,3.141597
113,3.141597
114,3.141597
115,3.141597
116,3.141597
117,3.141597
118,3.141597
119,3.141597
120,3.141597
121,3.141597
122,3.141597
123,3.141597
124,3.141597
125,3.141597
126,3.141597
127,3.141597
128,3.141597
129,3.141597
130,3.141597
131,3.141597
132,3.141597
133,3.141597
134,3.141597
135,3.141597
136,3.141597
137,3.141597
138,3.141597
139,3.141597
140,3.141597
141,3.141597
142,3.141597
143,3.141597
144,3.141597
145,3.141597
146,3.141597
147,3.141597
148,3.141597
149,3.141597
150,3.141597
151,3.141597
152,3.141597
153,3.141597
154,3.141597
155,3.141597
156,3.141597
157,3.141597
158,3.141597
159,3.141597
160,3.141597
161,3.141597
162,3.141597
163,3.141597
164,3.141597
165,3.141597
166,3.141597
167,3.141597
168,3.1415968
169,3.1415968
170,3.1415968
171,3.1415968
172,3.1415968
173,3.1415968
174,3.1415968
175,3.1415968
176,3.1415968
177,3.1415968
178,3.1415968
179,3.1415968
180,3.1415968
181,3.1415968
182,3.1415968
183,3.1415968
184,3.1415968
185,3.1415968
186,3.1415968
187,3.1415968
188,3.1415968
189,3.1415968
190,3.1415968
191,3.1415968
192,3.1415968
193,3.1415968
194,3.1415968
195,3.1415968
196,3.1415968
197,3.1415968
198,3.1415968
199,3.1415968
200,3.1415968
201,3.1415968
202,3.1415968
203,3.1415968
204,3.1415968
205,3.1415968
206,3.1415968
207,3.1415968
208,3.1415968
209,3.1415968
210,3.1415968
211,3.1415968
212,3.1415968
213,3.1415968
214,3.1415968
215,3.1415968
216,3.1415968
217,3.1415968
218,3.1415968
219,3.1415968
220,3.1415968
221,3.1415968
222,3.1415968
223,3.1415968
224,3.1415968
225,3.1415968
226,3.1415968
227,3.1415968
228,3.1415968
229,3.1415968
230,3.1415968
231,3.1415968
232,3.1415968
233,3.1415968
234,3.1415968
235,3.1415968
236,3.1415968
237,3.1415968
238,3.1415968
239,3.1415968
240,3.1415968
241,3.1415968
242,3.1415968
243,3.1415968
244,3.1415968
245,3.1415968
246,3.1415968
247,3.1415968
248,3.1415968
249,3.1415968
250,3.1415968
251,3.1415968
252,3.1415968
253,3.1415968
254,3.1415968
255,3.1415968
256,3.1415968
257,3.1415968
258,3.1415968
259,3.1415968
260,3.1415968
261,3.1415968
262,3.1415968
263,3.1415968
264,3.1415968
265,3.1415968
266,3.1415968
267,3.1415968
268,3.1415968
269,3.1415968
270,3.1415968
271,3.1415968
272,3.1415968
273,3.1415968
274,3.1415968
275,3.1415968
276,3.1415968
277,3.1415968
278,3.1415968
279,3.1415968
280,3.1415968
281,3.1415968
282,3.1415968
283,3.1415968
284,3.1415968
285,3.1415968
286,3.1415968
287,3.1415968
288,3.1415968
289,3.1415968
290,3.1415968
291,3.1415968
292,3.1415968
293,3.1415968
294,3.1415968
295,3.1415968
296,3.1415968
297,3.1415968
298,3.1415968
299,3.1415968
300,3.1415968
301,3.1415968
302,3.1415968
303,3.1415968
304,3.1415968
305,3.1415968
306,3.1415968
307,3.1415968
308,3.1415968
309,3.1415968
310,3.1415968
311,3.1415968
312,3.1415968
313,3.1415968
314,3.1415968
315,3.1415968
316,3.1415968
317,3.1415968
318,3.1415968
319,3.1415968
320,3.1415968
321,3.1415968
322,3.1415968
323,3.1415968
324,3.1415968
325,3.1415968
326,3.1415968
327,3.1415968
328,3.1415968
329,3.1415968
330,3.1415968
331,3.1415968
332,3.1415968
333,3.1415968
334,3.1415968
335,3.1415968
336,3.1415968
337,3.1415968
338,3.1415968
339,3.1415968
340,3.1415968
341,3.1415968
342,3.1415968
343,3.1415968
344,3.1415968
345,3.1415968
346,3.1415968
347,3.1415968
348,3.1415968
349,3.1415968
350,3.1415968
351,3.1415968
352,3.1415968
353,3.1415968
354,3.1415968
355,3.1415968
356,3.1415968
357,3.1415968
358,3.1415968
359,3.1415968
360,3.1415968
361,3.1415968
362,3.1415968
363,3.1415968
364,3.1415968
365,3.1415968
366,3.1415968
367,3.1415968
368,3.1415968
369,3.1415968
370,3.1415968
371,3.1415968
372,3.1415968
373,3.1415968
374,3.1415968
375,3.1415968
376,3.1415968
377,3.1415968
378,3.1415968
379,3.1415968
380,3.1415968
381,3.1415968
382,3.1415968
383,3.1415968
384,3.1415968
385,3.1415968
386,3.1415968
387,3.1415968
388,3.1415968
389,3.1415968
390,3.1415968
391,3.1415968
392,3.1415968
393,3.1415968
394,3.1415968
395,3.1415968
396,3.1415968
397,3.1415968
398,3.1415968
399,3.1415968
400,3.1415968
401,3.1415968
402,3.1415968
403,3.1415968
404,3.1415968
405,3.1415968
406,3.1415968
407,3.1415968
408,3.1415968
409,3.1415968
410,3.1415968
411,3.1415968
412,3.1415968
413,3.1415968
414,3.1415968
415,3.1415968
416,3.1415968
417,3.1415968
418,3.1415968
419,3.1415968
420,3.1415968
421,3.1415968
422,3.1415968
423,3.1415968
424,3.1415968
425,3.1415968
426,3.1415968
427,3.1415968
428,3.1415968
429,3.1415968
430,3.1415968
431,3.1415968
432,3.1415968
433,3.1415968
434,3.1415968
435,3.1415968
436,3.1415968
437,3.1415968
438,3.1415968
439,3.1415968
440,3.1415968
441,3.1415968
442,3.1415968
443,3.1415968
444,3.1415968
445,3.1415968
446,3.1415968
447,3.1415968
448,3.1415968
449,3.1415968
450,3.1415968
451,3.1415968
452,3.1415968
453,3.1415968
454,3.1415968
455,3.1415968
456,3.1415968
457,3.1415968
458,3.1415968
459,3.1415968
460,3.1415968
461,3.1415968
462,3.1415968
463,3.1415968
464,3.1415968
465,3.1415968
466,3.1415968
467,3.1415968
468,3.1415968
469,3.1415968
470,3.1415968
471,3.1415968
472,3.1415968
473,3.1415968
474,3.1415968
475,3.1415968
476,3.1415968
477,3.1415968
478,3.1415968
479,3.1415968
480,3.1415968
481,3.1415968
482,3.1415968
483,3.1415968
484,3.1415968
485,3.1415968
486,3.1415968
487,3.1415968
488,3.1415968
489,3.1415968
490,3.1415968
491,3.1415968
492,3.1415968
493,3.1415968
494,3.1415968
495,3.1415968
496,3.1415968
497,3.1415968
498,3.1415968
499,3.1415968
500,3.1415968
501,3.1415968
502,3.1415968
503,3.1415968
504,3.1415968
505,3.1415968
506,3.1415968
507,3.1415968
508,3.1415968
509,3.1415968
510,3.1415968
511,3.1415968
512,3.1415968
513,3.1415968
514,3.1415968
515,3.1415968
516,3.1415968
517,3.1415968
518,3.1415968
519,3.1415968
520,3.1415968
521,3.1415968
522,3.1415968
523,3.1415968
524,3.1415968
525,3.1415968
526,3.1415968
527,3.1415968
528,3.1415968
529,3.1415968
530,3.1415968
531,3.1415968
532,3.1415968
533,3.1415968
534,3.1415968
535,3.1415968
536,3.1415968
537,3.1415968
538,3.1415968
539,3.1415968
540,3.1415968
541,3.1415968
542,3.1415968
543,3.1415968
544,3.1415968
545,3.1415968
546,3.1415968
547,3.1415968
548,3.1415968
549,3.1415968
550,3.1415968
551,3.1415968
552,3.1415968
553,3.1415968
554,3.1415968
555,3.1415968
556,3.1415968
557,3.1415968
558,3.1415968
559,3.1415968
560,3.1415968
561,3.1415968
562,3.1415968
563,3.1415968
564,3.1415968
565,3.1415968
566,3.1415968
567,3.1415968
568,3.1415968
569,3.1415968
570,3.1415968
571,3.1415968
572,3.1415968
573,3.1415968
574,3.1415968
575,3.1415968
576,3.1415968
577,3.1415968
578,3.1415968
579,3.1415968
580,3.1415968
581,3.1415968
582,3.1415968
583,3.1415968
584,3.1415968
585,3.1415968
586,3.1415968
587,3.1415968
588,3.1415968
589,3.1415968
590,3.1415968
591,3.1415968
592,3.1415968
593,3.1415968
594,3.1415968
595,3.1415968
596,3.1415968
597,3.1415968
598,3.1415968
599,3.1415968
600,3.1415968
601,3.1415968
602,3.1415968
603,3.1415968
604,3.1415968
605,3.1415968
606,3.1415968
607,3.1415968
608,3.1415968
609,3.1415968
610,3.1415968
611,3.1415968
612,3.1415968
613,3.1415968
614,3.1415968
615,3.1415968
616,3.1415968
617,3.1415968
618,3.1415968
619,3.1415968
620,3.1415968
621,3.1415968
622,3.1415968
623,3.1415968
624,3.1415968
625,3.1415968
626,3.1415968
627,3.1415968
628,3.1415968
629,3.1415968
630,3.1415968
631,3.1415968
632,3.1415968
633,3.1415968
634,3.1415968
635,3.1415968
636,3.1415968
637,3.1415968
638,3.1415968
639,3.1415968
640,3.1415968
641,3.1415968
642,3.1415968
643,3.1415968
644,3.1415968
645,3.1415968
646,3.1415968
647,3.1415968
648,3.1415968
649,3.1415968
650,3.1415968
651,3.1415968
652,3.1415968
653,3.1415968
654,3.1415968
655,3.1415968
656,3.1415968
657,3.1415968
658,3.1415968
659,3.1415968
660,3.1415968
661,3.1415968
662,3.1415968
663,3.1415968
664,3.1415968
665,3.1415968
666,3.1415968
667,3.1415968
668,3.1415968
669,3.1415968
670,3.1415968
671,3.1415968
672,3.1415968
673,3.1415968
674,3.1415968
675,3.1415968
676,3.1415968
677,3.1415968
678,3.1415968
679,3.1415968
680,3.1415968
681,3.1415968
682,3.1415968
683,3.1415968
684,3.1415968
685,3.1415968
686,3.1415968
687,3.1415968
688,3.1415968
689,3.1415968
690,3.1415968
691,3.1415968
692,3.1415968
693,3.1415968
694,3.1415968
695,3.1415968
696,3.1415968
697,3.1415968
698,3.1415968
699,3.1415968
700,3.1415968
701,3.1415968
702,3.1415968
703,3.1415968
704,3.1415968
705,3.1415968
706,3.1415968
707,3.1415968
708,3.1415968
709,3.1415968
710,3.1415968
711,3.1415968
712,3.1415968
713,3.1415968
714,3.1415968
715,3.1415968
716,3.1415968
717,3.1415968
718,3.1415968
719,3.1415968
720,3.1415968
721,3.1415968
722,3.1415968
723,3.1415968
724,3.1415968
725,3.1415968
726,3.1415968
727,3.1415968
728,3.1415968
729,3.1415968
730,3.1415968
731,3.1415968
732,3.1415968
733,3.1415968
734,3.1415968
735,3.1415968
736,3.1415968
737,3.1415968
738,3.1415968
739,3.1415968
740,3.1415968
741,3.1415968
742,3.1415968
743,3.1415968
744,3.1415968
745,3.1415968
746,3.1415968
747,3.1415968
748,3.1415968
749,3.1415968
750,3.1415968
751,3.1415968
752,3.1415968
753,3.1415968
754,3.1415968
755,3.1415968
756,3.1415968
757,3.1415968
758,3.1415968
759,3.1415968
760,3.1415968
761,3.1415968
762,3.1415968
763,3.1415968
764,3.1415968
765,3.1415968
766,3.1415968
767,3.1415968
768,3.1415968
769,3.1415968
770,3.1415968
771,3.1415968
772,3.1415968
773,3.1415968
774,3.1415968
775,3.1415968
776,3.1415968
777,3.1415968
778,3.1415968
779,3.1415968
780,3.1415968
781,3.1415968
782,3.1415968
783,3.1415968
784,3.1415968
785,3.1415968
786,3.1415968
787,3.1415968
788,3.1415968
789,3.1415968
790,3.1415968
791,3.1415968
792,3.1415968
793,3.1415968
794,3.1415968
795,3.1415968
796,3.1415968
797,3.1415968
798,3.1415968
799,3.1415968
800,3.1415968
801,3.1415968
802,3.1415968
803,3.1415968
804,3.1415968
805,3.1415968
806,3.1415968
807,3.1415968
808,3.1415968
809,3.1415968
810,3.1415968
811,3.1415968
812,3.1415968
813,3.1415968
814,3.1415968
815,3.1415968
816,3.1415968
817,3.1415968
818,3.1415968
819,3.1415968
820,3.1415968
821,3.1415968
822,3.1415968
823,3.1415968
824,3.1415968
825,3.1415968
826,3.1415968
827,3.1415968
828,3.1415968
829,3.1415968
830,3.1415968
831,3.1415968
832,3.1415968
833,3.1415968
834,3.1415968
835,3.1415968
836,3.1415968
837,3.1415968
838,3.1415968
839,3.1415968
840,3.1415968
841,3.1415968
842,3.1415968
843,3.1415968
844,3.1415968
845,3.1415968
846,3.1415968
847,3.1415968
848,3.1415968
849,3.1415968
850,3.1415968
851,3.1415968
852,3.1415968
853,3.1415968
854,3.1415968
855,3.1415968
856,3.1415968
857,3.1415968
858,3.1415968
859,3.1415968
860,3.1415968
861,3.1415968
862,3.1415968
863,3.1415968
864,3.1415968
865,3.1415968
866,3.1415968
867,3.1415968
868,3.1415968
869,3.1415968
870,3.1415968
871,3.1415968
872,3.1415968
873,3.1415968
874,3.1415968
875,3.1415968
876,3.1415968
877,3.1415968
878,3.1415968
879,3.1415968
880,3.1415968
881,3.1415968
882,3.1415968
883,3.1415968
884,3.1415968
885,3.1415968
886,3.1415968
887,3.1415968
888,3.1415968
889,3.1415968
890,3.1415968
891,3.1415968
892,3.1415968
893,3.1415968
894,3.1415968
895,3.1415968
896,3.1415968
897,3.1415968
898,3.1415968
899,3.1415968
900,3.1415968
901,3.1415968
902,3.1415968
903,3.1415968
904,3.1415968
905,3.1415968
906,3.1415968
907,3.1415968
908,3.1415968
909,3.1415968
910,3.1415968
911,3.1415968
912,3.1415968
913,3.1415968
914,3.1415968
915,3.1415968
916,3.1415968
917,3.1415968
918,3.1415968
919,3.1415968
920,3.1415968
921,3.1415968
922,3.1415968
923,3.1415968
924,3.1415968
925,3.1415968
926,3.1415968
927,3.1415968
928,3.1415968
929,3.1415968
930,3.1415968
931,3.1415968
932,3.1415968
933,3.1415968
934,3.1415968
935,3.1415968
936,3.1415968
937,3.1415968
938,3.1415968
939,3.1415968
940,3.1415968
941,3.1415968
942,3.1415968
943,3.1415968
944,3.1415968
945,3.1415968
946,3.1415968
947,3.1415968
948,3.1415968
949,3.1415968
950,3.1415968
951,3.1415968
952,3.1415968
953,3.1415968
954,3.1415968
955,3.1415968
956,3.1415968
957,3.1415968
958,3.1415968
959,3.1415968
960,3.1415968
961,3.1415968
962,3.1415968
963,3.1415968
964,3.1415968
965,3.1415968
966,3.1415968
967,3.1415968
968,3.1415968
969,3.1415968
970,3.1415968
971,3.1415968
972,3.1415968
973,3.1415968
974,3.1415968
975,3.1415968
976,3.1415968
977,3.1415968
978,3.1415968
979,3.1415968
980,3.1415968
981,3.1415968
982,3.1415968
983,3.1415968
984,3.1415968
985,3.1415968
986,3.1415968
987,3.1415968
988,3.1415968
989,3.1415968
990,3.1415968
991,3.1415968
992,3.1415968
993,3.1415968
994,3.1415968
995,3.1415968
996,3.1415968
997,3.1415968
998,3.1415968
999,3.1415968
1000,3.1415968
1001,3.1415968
1002,3.1415968
1003,3.1415968
1004,3.1415968
1005,3.1415968
1006,3.1415968
1007,3.1415968
1008,3.1415968
1009,3.1415968
1010,3.1415968
1011,3.1415968
1012,3.1415968
1013,3.1415968
1014,3.1415968
1015,3.1415968
1016,3.1415968
1017,3.1415968
1018,3.1415968
1019,3.1415968
1020,3.1415968
1021,3.1415968
1022,3.1415968
1023,3.1415968
1024,3.1415968
1025,3.1415968
1026,3.1415968
1027,3.1415968
1028,3.1415968
1029,3.1415968
1030,3.1415968
1031,3.1415968
1032,3.1415968
1033,3.1415968
1034,3.1415968
1035,3.1415968
1036,3.1415968
1037,3.1415968
1038,3.1415968
1039,3.1415968
1040,3.1415968
1041,3.1415968
1042,3.1415968
1043,3.1415968
1044,3.1415968
1045,3.1415968
1046,3.1415968
1047,3.1415968
1048,3.1415968
1049,3.1415968
1050,3.1415968
1051,3.1415968
1052,3.1415968
1053,3.1415968
1054,3.1415968
1055,3.1415968
1056,3.1415968
1057,3.1415968
1058,3.1415968
1059,3.1415968
1060,3.1415968
1061,3.1415968
1062,3.1415968
1063,3.1415968
1064,3.1415968
1065,3.1415968
1066,3.1415968
1067,3.1415968
1068,3.1415968
1069,3.1415968
1070,3.1415968
1071,3.1415968
1072,3.1415968
1073,3.1415968
1074,3.1415968
1075,3.1415968
1076,3.1415968
1077,3.1415968
1078,3.1415968
1079,3.1415968
1080,3.1415968
1081,3.1415968
1082,3.1415968
1083,3.1415968
1084,3.1415968
1085,3.1415968
1086,3.1415968
1087,3.1415968
1088,3.1415968
1089,3.1415968
1090,3.1415968
1091,3.1415968
1092,3.1415968
1093,3.1415968
1094,3.1415968
1095,3.1415968
1096,3.1415968
1097,3.1415968
1098,3.1415968
1099,3.1415968
1100,3.1415968
1101,3.1415968
1102,3.1415968
1103,3.1415968
1104,3.1415968
1105,3.1415968
1106,3.1415968
1107,3.1415968
1108,3.1415968
1109,3.1415968
1110,3.1415968
1111,3.1415968
1112,3.1415968
1113,3.1415968
1114,3.1415968
1115,3.1415968
1116,3.1415968
1117,3.1415968
1118,3.1415968
1119,3.1415968
1120,3.1415968
1121,3.1415968
1122,3.1415968
1123,3.1415968
1124,3.1415968
1125,3.1415968
1126,3.1415968
1127,3.1415968
1128,3.1415968
1129,3.1415968
1130,3.1415968
1131,3.1415968
1132,3.1415968
1133,3.1415968
1134,3.1415968
1135,3.1415968
1136,3.1415968
1137,3.1415968
1138,3.1415968
1139,3.1415968
1140,3.1415968
1141,3.1415968
1142,3.1415968
1143,3.1415968
1144,3.1415968
1145,3.1415968
1146,3.1415968
1147,3.1415968
1148,3.1415968
1149,3.1415968
1150,3.1415968
1151,3.1415968
1152,3.1415968
1153,3.1415968
1154,3.1415968
1155,3.1415968
1156,3.1415968
1157,3.1415968
1158,3.1415968
1159,3.1415968
1160,3.1415968
1161,3.1415968
1162,3.1415968
1163,3.1415968
1164,3.1415968
1165,3.1415968
1166,3.1415968
1167,3.1415968
1168,3.1415968
1169,3.1415968
1170,3.1415968
1171,3.1415968
1172,3.1415968
1173,3.1415968
1174,3.1415968
1175,3.1415968
1176,3.1415968
1177,3.1415968
1178,3.1415968
1179,3.1415968
1180,3.1415968
1181,3.1415968
1182,3.1415968
1183,3.1415968
1184,3.1415968
1185,3.1415968
1186,3.1415968
1187,3.1415968
1188,3.1415968
1189,3.1415968
1190,3.1415968
1191,3.1415968
1192,3.1415968
1193,3.1415968
1194,3.1415968
1195,3.1415968
1196,3.1415968
1197,3.1415968
1198,3.1415968
1199,3.1415968
1200,3.1415968
1201,3.1415968
1202,3.1415968
1203,3.1415968
1204,3.1415968
1205,3.1415968
1206,3.1415968
1207,3.1415968
1208,3.1415968
1209,3.1415968
1210,3.1415968
1211,3.1415968
1212,3.1415968
1213,3.1415968
1214,3.1415968
1215,3.1415968
1216,3.1415968
1217,3.1415968
1218,3.1415968
1219,3.1415968
1220,3.1415968
1221,3.1415968
1222,3.1415968
1223,3.1415968
1224,3.1415968
1225,3.1415968
1226,3.1415968
1227,3.1415968
1228,3.1415968
1229,3.1415968
1230,3.1415968
1231,3.1415968
1232,3.1415968
1233,3.1415968
1234,3.1415968
1235,3.1415968
1236,3.1415968
1237,3.1415968
1238,3.1415968
1239,3.1415968
1240,3.1415968
1241,3.1415968
1242,3.1415968
1243,3.1415968
1244,3.1415968
1245,3.1415968
1246,3.1415968
1247,3.1415968
1248,3.1415968
1249,3.1415968
1250,3.1415968
1251,3.1415968
1252,3.1415968
1253,3.1415968
1254,3.1415968
1255,3.1415968
1256,3.1415968
1257,3.1415968
1258,3.1415968
1259,3.1415968
1260,3.1415968
1261,3.1415968
1262,3.1415968
1263,3.1415968
1264,3.1415968
1265,3.1415968
1266,3.1415968
1267,3.1415968
1268,3.1415968
1269,3.1415968
1270,3.1415968
1271,3.1415968
1272,3.1415968
1273,3.1415968
1274,3.1415968
1275,3.1415968
1276,3.1415968
1277,3.1415968
1278,3.1415968
1279,3.1415968
1280,3.1415968
1281,3.1415968
1282,3.1415968
1283,3.1415968
1284,3.1415968
1285,3.1415968
1286,3.1415968
1287,3.1415968
1288,3.1415968
1289,3.1415968
1290,3.1415968
1291,3.1415968
1292,3.1415968
1293,3.1415968
1294,3.1415968
1295,3.1415968
1296,3.1415968
1297,3.1415968
1298,3.1415968
1299,3.1415968
1300,3.1415968
1301,3.1415968
1302,3.1415968
1303,3.1415968
1304,3.1415968
1305,3.1415968
1306,3.1415968
1307,3.1415968
1308,3.1415968
1309,3.1415968
1310,3.1415968
1311,3.1415968
1312,3.1415968
1313,3.1415968
1314,3.1415968
1315,3.1415968
1316,3.1415968
1317,3.1415968
1318,3.1415968
1319,3.1415968
1320,3.1415968
1321,3.1415968
1322,3.1415968
1323,3.1415968
1324,3.1415968
1325,3.1415968
1326,3.1415968
1327,3.1415968
1328,3.1415968
1329,3.1415968
1330,3.1415968
1331,3.1415968
1332,3.1415968
1333,3.1415968
1334,3.1415968
1335,3.1415968
1336,3.1415968
1337,3.1415968
1338,3.1415968
1339,3.1415968
1340,3.1415968
1341,3.1415968
1342,3.1415968
1343,3.1415968
1344,3.1415968
1345,3.1415968
1346,3.1415968
1347,3.1415968
1348,3.1415968
1349,3.1415968
1350,3.1415968
1351,3.1415968
1352,3.1415968
1353,3.1415968
1354,3.1415968
1355,3.1415968
1356,3.1415968
1357,3.1415968
1358,3.1415968
1359,3.1415968
1360,3.1415968
1361,3.1415968
1362,3.1415968
1363,3.1415968
1364,3.1415968
1365,3.1415968
1366,3.1415968
1367,3.1415968
1368,3.1415968
1369,3.1415968
1370,3.1415968
1371,3.1415968
1372,3.1415968
1373,3.1415968
1374,3.1415968
1375,3.1415968
1376,3.1415968
1377,3.1415968
1378,3.1415968
1379,3.1415968
1380,3.1415968
1381,3.1415968
1382,3.1415968
1383,3.1415968
1384,3.1415968
1385,3.1415968
1386,3.1415968
1387,3.1415968
1388,3.1415968
1389,3.1415968
1390,3.1415968
1391,3.1415968
1392,3.1415968
1393,3.1415968
1394,3.1415968
1395,3.1415968
1396,3.1415968
1397,3.1415968
1398,3.1415968
1399,3.1415968
1400,3.1415968
1401,3.1415968
1402,3.1415968
1403,3.1415968
1404,3.1415968
1405,3.1415968
1406,3.1415968
1407,3.1415968
1408,3.1415968
1409,3.1415968
1410,3.1415968
1411,3.1415968
1412,3.1415968
1413,3.1415968
1414,3.1415968
1415,3.1415968
1416,3.1415968
1417,3.1415968
1418,3.1415968
1419,3.1415968
1420,3.1415968
1421,3.1415968
1422,3.1415968
1423,3.1415968
1424,3.1415968
1425,3.1415968
1426,3.1415968
1427,3.1415968
1428,3.1415968
1429,3.1415968
1430,3.1415968
1431,3.1415968
1432,3.1415968
1433,3.1415968
1434,3.1415968
1435,3.1415968
1436,3.1415968
1437,3.1415968
1438,3.1415968
1439,3.1415968
1440,3.1415968
1441,3.1415968
1442,3.1415968
1443,3.1415968
1444,3.1415968
1445,3.1415968
1446,3.1415968
1447,3.1415968
1448,3.1415968
1449,3.1415968
1450,3.1415968
1451,3.1415968
1452,3.1415968
1453,3.1415968
1454,3.1415968
1455,3.1415968
1456,3.1415968
1457,3.1415968
1458,3.1415968
1459,3.1415968
1460,3.1415968
1461,3.1415968
1462,3.1415968
1463,3.1415968
1464,3.1415968
1465,3.1415968
1466,3.1415968
1467,3.1415968
1468,3.1415968
1469,3.1415968
1470,3.1415968
1471,3.1415968
1472,3.1415968
1473,3.1415968
1474,3.1415968
1475,3.1415968
1476,3.1415968
1477,3.1415968
1478,3.1415968
1479,3.1415968
1480,3.1415968
1481,3.1415968
1482,3.1415968
1483,3.1415968
1484,3.1415968
1485,3.1415968
1486,3.1415968
1487,3.1415968
1488,3.1415968
1489,3.1415968
1490,3.1415968
1491,3.1415968
1492,3.1415968
1493,3.1415968
1494,3.1415968
1495,3.1415968
1496,3.1415968
1497,3.1415968
1498,3.1415968
1499,3.1415968
1500,3.1415968
1501,3.1415968
1502,3.1415968
1503,3.1415968
1504,3.1415968
1505,3.1415968
1506,3.1415968
1507,3.1415968
1508,3.1415968
1509,3.1415968
1510,3.1415968
1511,3.1415968
1512,3.1415968
1513,3.1415968
1514,3.1415968
1515,3.1415968
1516,3.1415968
1517,3.1415968
1518,3.1415968
1519,3.1415968
1520,3.1415968
1521,3.1415968
1522,3.1415968
1523,3.1415968
1524,3.1415968
1525,3.1415968
1526,3.1415968
1527,3.1415968
1528,3.1415968
1529,3.1415968
1530,3.1415968
1531,3.1415968
1532,3.1415968
1533,3.1415968
1534,3.1415968
1535,3.1415968
1536,3.1415968
1537,3.1415968
1538,3.1415968
1539,3.1415968
1540,3.1415968
1541,3.1415968
1542,3.1415968
1543,3.1415968
1544,3.1415968
1545,3.1415968
1546,3.1415968
1547,3.1415968
1548,3.1415968
1549,3.1415968
1550,3.1415968
1551,3.1415968
1552,3.1415968
1553,3.1415968
1554,3.1415968
1555,3.1415968
1556,3.1415968
1557,3.1415968
1558,3.1415968
1559,3.1415968
1560,3.1415968
1561,3.1415968
1562,3.1415968
1563,3.1415968
1564,3.1415968
1565,3.1415968
1566,3.1415968
1567,3.1415968
1568,3.1415968
1569,3.1415968
1570,3.1415968
1571,3.1415968
1572,3.1415968
1573,3.1415968
1574,3.1415968
1575,3.1415968
1576,3.1415968
1577,3.1415968
1578,3.1415968
1579,3.1415968
1580,3.1415968
1581,3.1415968
1582,3.1415968
1583,3.1415968
1584,3.1415968
1585,3.1415968
1586,3.1415968
1587,3.1415968
1588,3.1415968
1589,3.1415968
1590,3.1415968
1591,3.1415968
1592,3.1415968
1593,3.1415968
1594,3.1415968
1595,3.1415968
1596,3.1415968
1597,3.1415968
1598,3.1415968
1599,3.1415968
1600,3.1415968
1601,3.1415968
1602,3.1415968
1603,3.1415968
1604,3.1415968
1605,3.1415968
1606,3.1415968
1607,3.1415968
1608,3.1415968
1609,3.1415968
1610,3.1415968
1611,3.1415968
1612,3.1415968
1613,3.1415968
1614,3.1415968
1615,3.1415968
1616,3.1415968
1617,3.1415968
1618,3.1415968
1619,3.1415968
1620,3.1415968
1621,3.1415968
1622,3.1415968
1623,3.1415968
1624,3.1415968
1625,3.1415968
1626,3.1415968
1627,3.1415968
1628,3.1415968
1629,3.1415968
1630,3.1415968
1631,3.1415968
1632,3.1415968
1633,3.1415968
1634,3.1415968
1635,3.1415968
1636,3.1415968
1637,3.1415968
1638,3.1415968
1639,3.1415968
1640,3.1415968
1641,3.1415968
1642,3.1415968
1643,3.1415968
1644,3.1415968
1645,3.1415968
1646,3.1415968
1647,3.1415968
1648,3.1415968
1649,3.1415968
1650,3.1415968
1651,3.1415968
1652,3.1415968
1653,3.1415968
1654,3.1415968
1655,3.1415968
1656,3.1415968
1657,3.1415968
1658,3.1415968
1659,3.1415968
1660,3.1415968
1661,3.1415968
1662,3.1415968
1663,3.1415968
1664,3.1415968
1665,3.1415968
1666,3.1415968
1667,3.1415968
1668,3.1415968
1669,3.1415968
1670,3.1415968
1671,3.1415968
1672,3.1415968
1673,3.1415968
1674,3.1415968
1675,3.1415968
1676,3.1415968
1677,3.1415968
1678,3.1415968
1679,3.1415968
1680,3.1415968
1681,3.1415968
1682,3.1415968
1683,3.1415968
1684,3.1415968
1685,3.1415968
1686,3.1415968
1687,3.1415968
1688,3.1415968
1689,3.1415968
1690,3.1415968
1691,3.1415968
1692,3.1415968
1693,3.1415968
1694,3.1415968
1695,3.1415968
1696,3.1415968
1697,3.1415968
1698,3.1415968
1699,3.1415968
1700,3.1415968
1701,3.1415968
1702,3.1415968
1703,3.1415968
1704,3.1415968
1705,3.1415968
1706,3.1415968
1707,3.1415968
1708,3.1415968
1709,3.1415968
1710,3.1415968
1711,3.1415968
1712,3.1415968
1713,3.1415968
1714,3.1415968
1715,3.1415968
1716,3.1415968
1717,3.1415968
1718,3.1415968
1719,3.1415968
1720,3.1415968
1721,3.1415968
1722,3.1415968
1723,3.1415968
1724,3.1415968
1725,3.1415968
1726,3.1415968
1727,3.1415968
1728,3.1415968
1729,3.1415968
1730,3.1415968
1731,3.1415968
1732,3.1415968
1733,3.1415968
1734,3.1415968
1735,3.1415968
1736,3.1415968
1737,3.1415968
1738,3.1415968
1739,3.1415968
1740,3.1415968
1741,3.1415968
1742,3.1415968
1743,3.1415968
1744,3.1415968
1745,3.1415968
1746,3.1415968
1747,3.1415968
1748,3.1415968
1749,3.1415968
1750,3.1415968
1751,3.1415968
1752,3.1415968
1753,3.1415968
1754,3.1415968
1755,3.1415968
1756,3.1415968
1757,3.1415968
1758,3.1415968
1759,3.1415968
1760,3.1415968
1761,3.1415968
1762,3.1415968
1763,3.1415968
1764,3.1415968
1765,3.1415968
1766,3.1415968
1767,3.1415968
1768,3.1415968
1769,3.1415968
1770,3.1415968
1771,3.1415968
1772,3.1415968
1773,3.1415968
1774,3.1415968
1775,3.1415968
1776,3.1415968
1777,3.1415968
1778,3.1415968
1779,3.1415968
1780,3.1415968
1781,3.1415968
1782,3.1415968
1783,3.1415968
1784,3.1415968
1785,3.1415968
1786,3.1415968
1787,3.1415968
1788,3.1415968
1789,3.1415968
1790,3.1415968
1791,3.1415968
1792,3.1415968
1793,3.1415968
1794,3.1415968
1795,3.1415968
1796,3.1415968
1797,3.1415968
1798,3.1415968
1799,3.1415968
1800,3.1415968
1801,3.1415968
1802,3.1415968
1803,3.1415968
1804,3.1415968
1805,3.1415968
1806,3.1415968
1807,3.1415968
1808,3.1415968
1809,3.1415968
1810,3.1415968
1811,3.1415968
1812,3.1415968
1813,3.1415968
1814,3.1415968
1815,3.1415968
1816,3.1415968
1817,3.1415968
1818,3.1415968
1819,3.1415968
1820,3.1415968
1821,3.1415968
1822,3.1415968
1823,3.1415968
1824,3.1415968
1825,3.1415968
1826,3.1415968
1827,3.1415968
1828,3.1415968
1829,3.1415968
1830,3.1415968
1831,3.1415968
1832,3.1415968
1833,3.1415968
1834,3.1415968
1835,3.1415968
1836,3.1415968
1837,3.1415968
1838,3.1415968
1839,3.1415968
1840,3.1415968
1841,3.1415968
1842,3.1415968
1843,3.1415968
1844,3.1415968
1845,3.1415968
1846,3.1415968
1847,3.1415968
1848,3.1415968
1849,3.1415968
1850,3.1415968
1851,3.1415968
1852,3.1415968
1853,3.1415968
1854,3.1415968
1855,3.1415968
1856,3.1415968
1857,3.1415968
1858,3.1415968
1859,3.1415968
1860,3.1415968
1861,3.1415968
1862,3.1415968
1863,3.1415968
1864,3.1415968
1865,3.1415968
1866,3.1415968
1867,3.1415968
1868,3.1415968
1869,3.1415968
1870,3.1415968
1871,3.1415968
1872,3.1415968
1873,3.1415968
1874,3.1415968
1875,3.1415968
1876,3.1415968
1877,3.1415968
1878,3.1415968
1879,3.1415968
1880,3.1415968
1881,3.1415968
1882,3.1415968
1883,3.1415968
1884,3.1415968
1885,3.1415968
1886,3.1415968
1887,3.1415968
1888,3.1415968
1889,3.1415968
1890,3.1415968
1891,3.1415968
1892,3.1415968
1893,3.1415968
1894,3.1415968
1895,3.1415968
1896,3.1415968
1897,3.1415968
1898,3.1415968
1899,3.1415968
1900,3.1415968
1901,3.1415968
1902,3.1415968
1903,3.1415968
1904,3.1415968
1905,3.1415968
1906,3.1415968
1907,3.1415968
1908,3.1415968
1909,3.1415968
1910,3.1415968
1911,3.1415968
1912,3.1415968
1913,3.1415968
1914,3.1415968
1915,3.1415968
1916,3.1415968
1917,3.1415968
1918,3.1415968
1919,3.1415968
1920,3.1415968
1921,3.1415968
1922,3.1415968
1923,3.1415968
1924,3.1415968
1925,3.1415968
1926,3.1415968
1927,3.1415968
1928,3.1415968
1929,3.1415968
1930,3.1415968
1931,3.1415968
1932,3.1415968
1933,3.1415968
1934,3.1415968
1935,3.1415968
1936,3.1415968
1937,3.1415968
1938,3.1415968
1939,3.1415968
1940,3.1415968
1941,3.1415968
1942,3.1415968
1943,3.1415968
1944,3.1415968
1945,3.1415968
1946,3.1415968
1947,3.1415968
1948,3.1415968
1949,3.1415968
1950,3.1415968
1951,3.1415968
1952,3.1415968
1953,3.1415968
1954,3.1415968
1955,3.1415968
1956,3.1415968
1957,3.1415968
1958,3.1415968
1959,3.1415968
1960,3.1415968
1961,3.1415968
1962,3.1415968
1963,3.1415968
1964,3.1415968
1965,3.1415968
1966,3.1415968
1967,3.1415968
1968,3.1415968
1969,3.1415968
1970,3.1415968
1971,3.1415968
1972,3.1415968
1973,3.1415968
1974,3.1415968
1975,3.1415968
1976,3.1415968
1977,3.1415968
1978,3.1415968
1979,3.1415968
1980,3.1415968
1981,3.1415968
1982,3.1415968
1983,3.1415968
1984,3.1415968
1985,3.1415968
1986,3.1415968
1987,3.1415968
1988,3.1415968
1989,3.1415968
1990,3.1415968
1991,3.1415968
1992,3.1415968
1993,3.1415968
1994,3.1415968
1995,3.1415968
1996,3.1415968
1997,3.1415968
1998,3.1415968
1999,3.1415968
2000,3.1415968
2001,3.1415968
2002,3.1415968
2003,3.1415968
2004,3.1415968
2005,3.1415968
2006,3.1415968
2007,3.1415968
2008,3.1415968
2009,3.1415968
2010,3.1415968
2011,3.1415968
2012,3.1415968
2013,3.1415968
2014,3.1415968
2015,3.1415968
2016,3.1415968
2017,3.1415968
2018,3.1415968
2019,3.1415968
2020,3.1415968
2021,3.1415968
2022,3.1415968
2023,3.1415968
2024,3.1415968
2025,3.1415968
2026,3.1415968
2027,3.1415968
2028,3.1415968
2029,3.1415968
2030,3.1415968
2031,3.1415968
2032,3.1415968
2033,3.1415968
2034,3.1415968
2035,3.1415968
2036,3.1415968
2037,3.1415968
2038,3.1415968
2039,3.1415968
2040,3.1415968
2041,3.1415968
2042,3.1415968
2043,3.1415968
2044,3.1415968
2045,3.1415968
2046,3.1415968
2047,3.1415968
2048,3.1415968
2049,3.1415968
2050,3.1415968
2051,3.1415968
2052,3.1415968
2053,3.1415968
2054,3.1415968
2055,3.1415968
2056,3.1415968
2057,3.1415968
2058,3.1415968
2059,3.1415968
2060,3.1415968
2061,3.1415968
2062,3.1415968
2063,3.1415968
2064,3.1415968
2065,3.1415968
2066,3.1415968
2067,3.1415968
2068,3.1415968
2069,3.1415968
2070,3.1415968
2071,3.1415968
2072,3.1415968
2073,3.1415968
2074,3.1415968
2075,3.1415968
2076,3.1415968
2077,3.1415968
2078,3.1415968
2079,3.1415968
2080,3.1415968
2081,3.1415968
2082,3.1415968
2083,3.1415968
2084,3.1415968
2085,3.1415968
2086,3.1415968
2087,3.1415968
2088,3.1415968
2089,3.1415968
2090,3.1415968
2091,3.1415968
2092,3.1415968
2093,3.1415968
2094,3.1415968
2095,3.1415968
2096,3.1415968
2097,3.1415968
2098,3.1415968
2099,3.1415968
2100,3.1415968
2101,3.1415968
2102,3.1415968
2103,3.1415968
2104,3.1415968
2105,3.1415968
2106,3.1415968
2107,3.1415968
2108,3.1415968
2109,3.1415968
2110,3.1415968
2111,3.1415968
2112,3.1415968
2113,3.1415968
2114,3.1415968
2115,3.1415968
2116,3.1415968
2117,3.1415968
2118,3.1415968
2119,3.1415968
2120,3.1415968
2121,3.1415968
2122,3.1415968
2123,3.1415968
2124,3.1415968
2125,3.1415968
2126,3.1415968
2127,3.1415968
2128,3.1415968
2129,3.1415968
2130,3.1415968
2131,3.1415968
2132,3.1415968
2133,3.1415968
2134,3.1415968
2135,3.1415968
2136,3.1415968
2137,3.1415968
2138,3.1415968
2139,3.1415968
2140,3.1415968
2141,3.1415968
2142,3.1415968
2143,3.1415968
2144,3.1415968
2145,3.1415968
2146,3.1415968
2147,3.1415968
2148,3.1415968
2149,3.1415968
2150,3.1415968
2151,3.1415968
2152,3.1415968
2153,3.1415968
2154,3.1415968
2155,3.1415968
2156,3.1415968
2157,3.1415968
2158,3.1415968
2159,3.1415968
2160,3.1415968
2161,3.1415968
2162,3.1415968
2163,3.1415968
2164,3.1415968
2165,3.1415968
2166,3.1415968
2167,3.1415968
2168,3.1415968
2169,3.1415968
2170,3.1415968
2171,3.1415968
2172,3.1415968
2173,3.1415968
2174,3.1415968
2175,3.1415968
2176,3.1415968
2177,3.1415968
2178,3.1415968
2179,3.1415968
2180,3.1415968
2181,3.1415968
2182,3.1415968
2183,3.1415968
2184,3.1415968
2185,3.1415968
2186,3.1415968
2187,3.1415968
2188,3.1415968
2189,3.1415968
2190,3.1415968
2191,3.1415968
2192,3.1415968
2193,3.1415968
2194,3.1415968
2195,3.1415968
2196,3.1415968
2197,3.1415968
2198,3.1415968
2199,3.1415968
2200,3.1415968
2201,3.1415968
2202,3.1415968
2203,3.1415968
2204,3.1415968
2205,3.1415968
2206,3.1415968
2207,3.1415968
2208,3.1415968
2209,3.1415968
2210,3.1415968
2211,3.1415968
2212,3.1415968
2213,3.1415968
2214,3.1415968
2215,3.1415968
2216,3.1415968
2217,3.1415968
2218,3.1415968
2219,3.1415968
2220,3.1415968
2221,3.1415968
2222,3.1415968
2223,3.1415968
2224,3.1415968
2225,3.1415968
2226,3.1415968
2227,3.1415968
2228,3.1415968
2229,3.1415968
2230,3.1415968
2231,3.1415968
2232,3.1415968
2233,3.1415968
2234,3.1415968
2235,3.1415968
2236,3.1415968
2237,3.1415968
2238,3.1415968
2239,3.1415968
2240,3.1415968
2241,3.1415968
2242,3.1415968
2243,3.1415968
2244,3.1415968
2245,3.1415968
2246,3.1415968
2247,3.1415968
2248,3.1415968
2249,3.1415968
2250,3.1415968
2251,3.1415968
2252,3.1415968
2253,3.1415968
2254,3.1415968
2255,3.1415968
2256,3.1415968
2257,3.1415968
2258,3.1415968
2259,3.1415968
2260,3.1415968
2261,3.1415968
2262,3.1415968
2263,3.1415968
2264,3.1415968
2265,3.1415968
2266,3.1415968
2267,3.1415968
2268,3.1415968
2269,3.1415968
2270,3.1415968
2271,3.1415968
2272,3.1415968
2273,3.1415968
2274,3.1415968
2275,3.1415968
2276,3.1415968
2277,3.1415968
2278,3.1415968
2279,3.1415968
2280,3.1415968
2281,3.1415968
2282,3.1415968
2283,3.1415968
2284,3.1415968
2285,3.1415968
2286,3.1415968
2287,3.1415968
2288,3.1415968
2289,3.1415968
2290,3.1415968
2291,3.1415968
2292,3.1415968
2293,3.1415968
2294,3.1415968
2295,3.1415968
2296,3.1415968
2297,3.1415968
2298,3.1415968
2299,3.1415968
2300,3.1415968
2301,3.1415968
2302,3.1415968
2303,3.1415968
2304,3.1415968
2305,3.1415968
2306,3.1415968
2307,3.1415968
2308,3.1415968
2309,3.1415968
2310,3.1415968
2311,3.1415968
2312,3.1415968
2313,3.1415968
2314,3.1415968
2315,3.1415968
2316,3.1415968
2317,3.1415968
2318,3.1415968
2319,3.1415968
2320,3.1415968
2321,3.1415968
2322,3.1415968
2323,3.1415968
2324,3.1415968
2325,3.1415968
2326,3.1415968
2327,3.1415968
2328,3.1415968
2329,3.1415968
2330,3.1415968
2331,3.1415968
2332,3.1415968
2333,3.1415968
2334,3.1415968
2335,3.1415968
2336,3.1415968
2337,3.1415968
2338,3.1415968
2339,3.1415968
2340,3.1415968
2341,3.1415968
2342,3.1415968
2343,3.1415968
2344,3.1415968
2345,3.1415968
2346,3.1415968
2347,3.1415968
2348,3.1415968
2349,3.1415968
2350,3.1415968
2351,3.1415968
2352,3.1415968
2353,3.1415968
2354,3.1415968
2355,3.1415968
2356,3.1415968
2357,3.1415968
2358,3.1415968
2359,3.1415968
2360,3.1415968
2361,3.1415968
2362,3.1415968
2363,3.1415968
2364,3.1415968
2365,3.1415968
2366,3.1415968
2367,3.1415968
2368,3.1415968
2369,3.1415968
2370,3.1415968
2371,3.1415968
2372,3.1415968
2373,3.1415968
2374,3.1415968
2375,3.1415968
2376,3.1415968
2377,3.1415968
2378,3.1415968
2379,3.1415968
2380,3.1415968
2381,3.1415968
2382,3.1415968
2383,3.1415968
2384,3.1415968
2385,3.1415968
2386,3.1415968
2387,3.1415968
2388,3.1415968
2389,3.1415968
2390,3.1415968
2391,3.1415968
2392,3.1415968
2393,3.1415968
2394,3.1415968
2395,3.1415968
2396,3.1415968
2397,3.1415968
2398,3.1415968
2399,3.1415968
2400,3.1415968
2401,3.1415968
2402,3.1415968
2403,3.1415968
2404,3.1415968
2405,3.1415968
2406,3.1415968
2407,3.1415968
2408,3.1415968
2409,3.1415968
2410,3.1415968
2411,3.1415968
2412,3.1415968
2413,3.1415968
2414,3.1415968
2415,3.1415968
2416,3.1415968
2417,3.1415968
2418,3.1415968
2419,3.1415968
2420,3.1415968
2421,3.1415968
2422,3.1415968
2423,3.1415968
2424,3.1415968
2425,3.1415968
2426,3.1415968
2427,3.1415968
2428,3.1415968
2429,3.1415968
2430,3.1415968
2431,3.1415968
2432,3.1415968
2433,3.1415968
2434,3.1415968
2435,3.1415968
2436,3.1415968
2437,3.1415968
2438,3.1415968
2439,3.1415968
2440,3.1415968
2441,3.1415968
2442,3.1415968
2443,3.1415968
2444,3.1415968
2445,3.1415968
2446,3.1415968
2447,3.1415968
2448,3.1415968
2449,3.1415968
2450,3.1415968
2451,3.1415968
2452,3.1415968
2453,3.1415968
2454,3.1415968
2455,3.1415968
2456,3.1415968
2457,3.1415968
2458,3.1415968
2459,3.1415968
2460,3.1415968
2461,3.1415968
2462,3.1415968
2463,3.1415968
2464,3.1415968
2465,3.1415968
2466,3.1415968
2467,3.1415968
2468,3.1415968
2469,3.1415968
2470,3.1415968
2471,3.1415968
2472,3.1415968
2473,3.1415968
2474,3.1415968
2475,3.1415968
2476,3.1415968
2477,3.1415968
2478,3.1415968
2479,3.1415968
2480,3.1415968
2481,3.1415968
2482,3.1415968
2483,3.1415968
2484,3.1415968
2485,3.1415968
2486,3.1415968
2487,3.1415968
2488,3.1415968
2489,3.1415968
2490,3.1415968
2491,3.1415968
2492,3.1415968
2493,3.1415968
2494,3.1415968
2495,3.1415968
2496,3.1415968
2497,3.1415968
2498,3.1415968
2499,3.1415968
2500,3.1415968
2501,3.1415968
2502,3.1415968
2503,3.1415968
2504,3.1415968
2505,3.1415968
2506,3.1415968
2507,3.1415968
2508,3.1415968
2509,3.1415968
2510,3.1415968
2511,3.1415968
2512,3.1415968
2513,3.1415968
2514,3.1415968
2515,3.1415968
2516,3.1415968
2517,3.1415968
2518,3.1415968
2519,3.1415968
2520,3.1415968
2521,3.1415968
2522,3.1415968
2523,3.1415968
2524,3.1415968
2525,3.1415968
2526,3.1415968
2527,3.1415968
2528,3.1415968
2529,3.1415968
2530,3.1415968
2531,3.1415968
2532,3.1415968
2533,3.1415968
2534,3.1415968
2535,3.1415968
2536,3.1415968
2537,3.1415968
2538,3.1415968
2539,3.1415968
2540,3.1415968
2541,3.1415968
2542,3.1415968
2543,3.1415968
2544,3.1415968
2545,3.1415968
2546,3.1415968
2547,3.1415968
2548,3.1415968
2549,3.1415968
2550,3.1415968
2551,3.1415968
2552,3.1415968
2553,3.1415968
2554,3.1415968
2555,3.1415968
2556,3.1415968
2557,3.1415968
2558,3.1415968
2559,3.1415968
2560,3.1415968
2561,3.1415968
2562,3.1415968
2563,3.1415968
2564,3.1415968
2565,3.1415968
2566,3.1415968
2567,3.1415968
2568,3.1415968
2569,3.1415968
2570,3.1415968
2571,3.1415968
2572,3.1415968
2573,3.1415968
2574,3.1415968
2575,3.1415968
2576,3.1415968
2577,3.1415968
2578,3.1415968
2579,3.1415968
2580,3.1415968
2581,3.1415968
2582,3.1415968
2583,3.1415968
2584,3.1415968
2585,3.1415968
2586,3.1415968
2587,3.1415968
2588,3.1415968
2589,3.1415968
2590,3.1415968
2591,3.1415968
2592,3.1415968
2593,3.1415968
2594,3.1415968
2595,3.1415968
2596,3.1415968
2597,3.1415968
2598,3.1415968
2599,3.1415968
2600,3.1415968
2601,3.1415968
2602,3.1415968
2603,3.1415968
2604,3.1415968
2605,3.1415968
2606,3.1415968
2607,3.1415968
2608,3.1415968
2609,3.1415968
2610,3.1415968
2611,3.1415968
2612,3.1415968
2613,3.1415968
2614,3.1415968
2615,3.1415968
2616,3.1415968
2617,3.1415968
2618,3.1415968
2619,3.1415968
2620,3.1415968
2621,3.1415968
2622,3.1415968
2623,3.1415968
2624,3.1415968
2625,3.1415968
2626,3.1415968
2627,3.1415968
2628,3.1415968
2629,3.1415968
2630,3.1415968
2631,3.1415968
2632,3.1415968
2633,3.1415968
2634,3.1415968
2635,3.1415968
2636,3.1415968
2637,3.1415968
2638,3.1415968
2639,3.1415968
2640,3.1415968
2641,3.1415968
2642,3.1415968
2643,3.1415968
2644,3.1415968
2645,3.1415968
2646,3.1415968
2647,3.1415968
2648,3.1415968
2649,3.1415968
2650,3.1415968
2651,3.1415968
2652,3.1415968
2653,3.1415968
2654,3.1415968
2655,3.1415968
2656,3.1415968
2657,3.1415968
2658,3.1415968
2659,3.1415968
2660,3.1415968
2661,3.1415968
2662,3.1415968
2663,3.1415968
2664,3.1415968
2665,3.1415968
2666,3.1415968
2667,3.1415968
2668,3.1415968
2669,3.1415968
2670,3.1415968
2671,3.1415968
2672,3.1415968
2673,3.1415968
2674,3.1415968
2675,3.1415968
2676,3.1415968
2677,3.1415968
2678,3.1415968
2679,3.1415968
2680,3.1415968
2681,3.1415968
2682,3.1415968
2683,3.1415968
2684,3.1415968
2685,3.1415968
2686,3.1415968
2687,3.1415968
2688,3.1415968
2689,3.1415968
2690,3.1415968
2691,3.1415968
2692,3.1415968
2693,3.1415968
2694,3.1415968
2695,3.1415968
2696,3.1415968
2697,3.1415968
2698,3.1415968
2699,3.1415968
2700,3.1415968
2701,3.1415968
2702,3.1415968
2703,3.1415968
2704,3.1415968
2705,3.1415968
2706,3.1415968
2707,3.1415968
2708,3.1415968
2709,3.1415968
2710,3.1415968
2711,3.1415968
2712,3.1415968
2713,3.1415968
2714,3.1415968
2715,3.1415968
2716,3.1415968
2717,3.1415968
2718,3.1415968
2719,3.1415968
2720,3.1415968
2721,3.1415968
2722,3.1415968
2723,3.1415968
2724,3.1415968
2725,3.1415968
2726,3.1415968
2727,3.1415968
2728,3.1415968
2729,3.1415968
2730,3.1415968
2731,3.1415968
2732,3.1415968
2733,3.1415968
2734,3.1415968
2735,3.1415968
2736,3.1415968
2737,3.1415968
2738,3.1415968
2739,3.1415968
2740,3.1415968
2741,3.1415968
2742,3.1415968
2743,3.1415968
2744,3.1415968
2745,3.1415968
2746,3.1415968
2747,3.1415968
2748,3.1415968
2749,3.1415968
2750,3.1415968
2751,3.1415968
2752,3.1415968
2753,3.1415968
2754,3.1415968
2755,3.1415968
2756,3.1415968
2757,3.1415968
2758,3.1415968
2759,3.1415968
2760,3.1415968
2761,3.1415968
2762,3.1415968
2763,3.1415968
2764,3.1415968
2765,3.1415968
2766,3.1415968
2767,3.1415968
2768,3.1415968
2769,3.1415968
2770,3.1415968
2771,3.1415968
2772,3.1415968
2773,3.1415968
2774,3.1415968
2775,3.1415968
2776,3.1415968
2777,3.1415968
2778,3.1415968
2779,3.1415968
2780,3.1415968
2781,3.1415968
2782,3.1415968
2783,3.1415968
2784,3.1415968
2785,3.1415968
2786,3.1415968
2787,3.1415968
2788,3.1415968
2789,3.1415968
2790,3.1415968
2791,3.1415968
2792,3.1415968
2793,3.1415968
2794,3.1415968
2795,3.1415968
2796,3.1415968
2797,3.1415968
2798,3.1415968
2799,3.1415968
2800,3.1415968
2801,3.1415968
2802,3.1415968
2803,3.1415968
2804,3.1415968
2805,3.1415968
2806,3.1415968
2807,3.1415968
2808,3.1415968
2809,3.1415968
2810,3.1415968
2811,3.1415968
2812,3.1415968
2813,3.1415968
2814,3.1415968
2815,3.1415968
2816,3.1415968
2817,3.1415968
2818,3.1415968
2819,3.1415968
2820,3.1415968
2821,3.1415968
2822,3.1415968
2823,3.1415968
2824,3.1415968
2825,3.1415968
2826,3.1415968
2827,3.1415968
2828,3.1415968
2829,3.1415968
2830,3.1415968
2831,3.1415968
2832,3.1415968
2833,3.1415968
2834,3.1415968
2835,3.1415968
2836,3.1415968
2837,3.1415968
2838,3.1415968
2839,3.1415968
2840,3.1415968
2841,3.1415968
2842,3.1415968
2843,3.1415968
2844,3.1415968
2845,3.1415968
2846,3.1415968
2847,3.1415968
2848,3.1415968
2849,3.1415968
2850,3.1415968
2851,3.1415968
2852,3.1415968
2853,3.1415968
2854,3.1415968
2855,3.1415968
2856,3.1415968
2857,3.1415968
2858,3.1415968
2859,3.1415968
2860,3.1415968
2861,3.1415968
2862,3.1415968
2863,3.1415968
2864,3.1415968
2865,3.1415968
2866,3.1415968
2867,3.1415968
2868,3.1415968
2869,3.1415968
2870,3.1415968
2871,3.1415968
2872,3.1415968
2873,3.1415968
2874,3.1415968
2875,3.1415968
2876,3.1415968
2877,3.1415968
2878,3.1415968
2879,3.1415968
2880,3.1415968
2881,3.1415968
2882,3.1415968
2883,3.1415968
2884,3.1415968
2885,3.1415968
2886,3.1415968
2887,3.1415968
2888,3.1415968
2889,3.1415968
2890,3.1415968
2891,3.1415968
2892,3.1415968
2893,3.1415968
2894,3.1415968
2895,3.1415968
2896,3.1415968
2897,3.1415968
2898,3.1415968
2899,3.1415968
2900,3.1415968
2901,3.1415968
2902,3.1415968
2903,3.1415968
2904,3.1415968
2905,3.1415968
2906,3.1415968
2907,3.1415968
2908,3.1415968
2909,3.1415968
2910,3.1415968
2911,3.1415968
2912,3.1415968
2913,3.1415968
2914,3.1415968
2915,3.1415968
2916,3.1415968
2917,3.1415968
2918,3.1415968
2919,3.1415968
2920,3.1415968
2921,3.1415968
2922,3.1415968
2923,3.1415968
2924,3.1415968
2925,3.1415968
2926,3.1415968
2927,3.1415968
2928,3.1415968
2929,3.1415968
2930,3.1415968
2931,3.1415968
2932,3.1415968
2933,3.1415968
2934,3.1415968
2935,3.1415968
2936,3.1415968
2937,3.1415968
2938,3.1415968
2939,3.1415968
2940,3.1415968
2941,3.1415968
2942,3.1415968
2943,3.1415968
2944,3.1415968
2945,3.1415968
2946,3.1415968
2947,3.1415968
2948,3.1415968
2949,3.1415968
2950,3.1415968
2951,3.1415968
2952,3.1415968
2953,3.1415968
2954,3.1415968
2955,3.1415968
2956,3.1415968
2957,3.1415968
2958,3.1415968
2959,3.1415968
2960,3.1415968
2961,3.1415968
2962,3.1415968
2963,3.1415968
2964,3.1415968
2965,3.1415968
2966,3.1415968
2967,3.1415968
2968,3.1415968
2969,3.1415968
2970,3.1415968
2971,3.1415968
2972,3.1415968
2973,3.1415968
2974,3.1415968
2975,3.1415968
2976,3.1415968
2977,3.1415968
2978,3.1415968
2979,3.1415968
2980,3.1415968
2981,3.1415968
2982,3.1415968
2983,3.1415968
2984,3.1415968
2985,3.1415968
2986,3.1415968
2987,3.1415968
2988,3.1415968
2989,3.1415968
2990,3.1415968
2991,3.1415968
2992,3.1415968
2993,3.1415968
2994,3.1415968
2995,3.1415968
2996,3.1415968
2997,3.1415968
2998,3.1415968
2999,3.1415968
3000,3.1415968
3001,3.1415968
3002,3.1415968
3003,3.1415968
3004,3.1415968
3005,3.1415968
3006,3.1415968
3007,3.1415968
3008,3.1415968
3009,3.1415968
3010,3.1415968
3011,3.1415968
3012,3.1415968
3013,3.1415968
3014,3.1415968
3015,3.1415968
3016,3.1415968
3017,3.1415968
3018,3.1415968
3019,3.1415968
3020,3.1415968
3021,3.1415968
3022,3.1415968
3023,3.1415968
3024,3.1415968
3025,3.1415968
3026,3.1415968
3027,3.1415968
3028,3.1415968
3029,3.1415968
3030,3.1415968
3031,3.1415968
3032,3.1415968
3033,3.1415968
3034,3.1415968
3035,3.1415968
3036,3.1415968
3037,3.1415968
3038,3.1415968
3039,3.1415968
3040,3.1415968
3041,3.1415968
3042,3.1415968
3043,3.1415968
3044,3.1415968
3045,3.1415968
3046,3.1415968
3047,3.1415968
3048,3.1415968
3049,3.1415968
3050,3.1415968
3051,3.1415968
3052,3.1415968
3053,3.1415968
3054,3.1415968
3055,3.1415968
3056,3.1415968
3057,3.1415968
3058,3.1415968
3059,3.1415968
3060,3.1415968
3061,3.1415968
3062,3.1415968
3063,3.1415968
3064,3.1415968
3065,3.1415968
3066,3.1415968
3067,3.1415968
3068,3.1415968
3069,3.1415968
3070,3.1415968
3071,3.1415968
3072,3.1415968
3073,3.1415968
3074,3.1415968
3075,3.1415968
3076,3.1415968
3077,3.1415968
3078,3.1415968
3079,3.1415968
3080,3.1415968
3081,3.1415968
3082,3.1415968
3083,3.1415968
3084,3.1415968
3085,3.1415968
3086,3.1415968
3087,3.1415968
3088,3.1415968
3089,3.1415968
3090,3.1415968
3091,3.1415968
3092,3.1415968
3093,3.1415968
3094,3.1415968
3095,3.1415968
3096,3.1415968
3097,3.1415968
3098,3.1415968
3099,3.1415968
3100,3.1415968
3101,3.1415968
3102,3.1415968
3103,3.1415968
3104,3.1415968
3105,3.1415968
3106,3.1415968
3107,3.1415968
3108,3.1415968
3109,3.1415968
3110,3.1415968
3111,3.1415968
3112,3.1415968
3113,3.1415968
3114,3.1415968
3115,3.1415968
3116,3.1415968
3117,3.1415968
3118,3.1415968
3119,3.1415968
3120,3.1415968
3121,3.1415968
3122,3.1415968
3123,3.1415968
3124,3.1415968
3125,3.1415968
3126,3.1415968
3127,3.1415968
3128,3.1415968
3129,3.1415968
3130,3.1415968
3131,3.1415968
3132,3.1415968
3133,3.1415968
3134,3.1415968
3135,3.1415968
3136,3.1415968
3137,3.1415968
3138,3.1415968
3139,3.1415968
3140,3.1415968
3141,3.1415968
3142,3.1415968
3143,3.1415968
3144,3.1415968
3145,3.1415968
3146,3.1415968
3147,3.1415968
3148,3.1415968
3149,3.1415968
3150,3.1415968
3151,3.1415968
3152,3.1415968
3153,3.1415968
3154,3.1415968
3155,3.1415968
3156,3.1415968
3157,3.1415968
3158,3.1415968
3159,3.1415968
3160,3.1415968
3161,3.1415968
3162,3.1415968
3163,3.1415968
3164,3.1415968
3165,3.1415968
3166,3.1415968
3167,3.1415968
3168,3.1415968
3169,3.1415968
3170,3.1415968
3171,3.1415968
3172,3.1415968
3173,3.1415968
3174,3.1415968
3175,3.1415968
3176,3.1415968
3177,3.1415968
3178,3.1415968
3179,3.1415968
3180,3.1415968
3181,3.1415968
3182,3.1415968
3183,3.1415968
3184,3.1415968
3185,3.1415968
3186,3.1415968
3187,3.1415968
3188,3.1415968
3189,3.1415968
3190,3.1415968
3191,3.1415968
3192,3.1415968
3193,3.1415968
3194,3.1415968
3195,3.1415968
3196,3.1415968
3197,3.1415968
3198,3.1415968
3199,3.1415968
3200,3.1415968
3201,3.1415968
3202,3.1415968
3203,3.1415968
3204,3.1415968
3205,3.1415968
3206,3.1415968
3207,3.1415968
3208,3.1415968
3209,3.1415968
3210,3.1415968
3211,3.1415968
3212,3.1415968
3213,3.1415968
3214,3.1415968
3215,3.1415968
3216,3.1415968
3217,3.1415968
3218,3.1415968
3219,3.1415968
3220,3.1415968
3221,3.1415968
3222,3.1415968
3223,3.1415968
3224,3.1415968
3225,3.1415968
3226,3.1415968
3227,3.1415968
3228,3.1415968
3229,3.1415968
3230,3.1415968
3231,3.1415968
3232,3.1415968
3233,3.1415968
3234,3.1415968
3235,3.1415968
3236,3.1415968
3237,3.1415968
3238,3.1415968
3239,3.1415968
3240,3.1415968
3241,3.1415968
3242,3.1415968
3243,3.1415968
3244,3.1415968
3245,3.1415968
3246,3.1415968
3247,3.1415968
3248,3.1415968
3249,3.1415968
3250,3.1415968
3251,3.1415968
3252,3.1415968
3253,3.1415968
3254,3.1415968
3255,3.1415968
3256,3.1415968
3257,3.1415968
3258,3.1415968
3259,3.1415968
3260,3.1415968
3261,3.1415968
3262,3.1415968
3263,3.1415968
3264,3.1415968
3265,3.1415968
3266,3.1415968
3267,3.1415968
3268,3.1415968
3269,3.1415968
3270,3.1415968
3271,3.1415968
3272,3.1415968
3273,3.1415968
3274,3.1415968
3275,3.1415968
3276,3.1415968
3277,3.1415968
3278,3.1415968
3279,3.1415968
3280,3.1415968
3281,3.1415968
3282,3.1415968
3283,3.1415968
3284,3.1415968
3285,3.1415968
3286,3.1415968
3287,3.1415968
3288,3.1415968
3289,3.1415968
3290,3.1415968
3291,3.1415968
3292,3.1415968
3293,3.1415968
3294,3.1415968
3295,3.1415968
3296,3.1415968
3297,3.1415968
3298,3.1415968
3299,3.1415968
3300,3.1415968
3301,3.1415968
3302,3.1415968
3303,3.1415968
3304,3.1415968
3305,3.1415968
3306,3.1415968
3307,3.1415968
3308,3.1415968
3309,3.1415968
3310,3.1415968
3311,3.1415968
3312,3.1415968
3313,3.1415968
3314,3.1415968
3315,3.1415968
3316,3.1415968
3317,3.1415968
3318,3.1415968
3319,3.1415968
3320,3.1415968
3321,3.1415968
3322,3.1415968
3323,3.1415968
3324,3.1415968
3325,3.1415968
3326,3.1415968
3327,3.1415968
3328,3.1415968
3329,3.1415968
3330,3.1415968
3331,3.1415968
3332,3.1415968
3333,3.1415968
3334,3.1415968
3335,3.1415968
3336,3.1415968
3337,3.1415968
3338,3.1415968
3339,3.1415968
3340,3.1415968
3341,3.1415968
3342,3.1415968
3343,3.1415968
3344,3.1415968
3345,3.1415968
3346,3.1415968
3347,3.1415968
3348,3.1415968
3349,3.1415968
3350,3.1415968
3351,3.1415968
3352,3.1415968
3353,3.1415968
3354,3.1415968
3355,3.1415968
3356,3.1415968
3357,3.1415968
3358,3.1415968
3359,3.1415968
3360,3.1415968
3361,3.1415968
3362,3.1415968
3363,3.1415968
3364,3.1415968
3365,3.1415968
3366,3.1415968
3367,3.1415968
3368,3.1415968
3369,3.1415968
3370,3.1415968
3371,3.1415968
3372,3.1415968
3373,3.1415968
3374,3.1415968
3375,3.1415968
3376,3.1415968
3377,3.1415968
3378,3.1415968
3379,3.1415968
3380,3.1415968
3381,3.1415968
3382,3.1415968
3383,3.1415968
3384,3.1415968
3385,3.1415968
3386,3.1415968
3387,3.1415968
3388,3.1415968
3389,3.1415968
3390,3.1415968
3391,3.1415968
3392,3.1415968
3393,3.1415968
3394,3.1415968
3395,3.1415968
3396,3.1415968
3397,3.1415968
3398,3.1415968
3399,3.1415968
3400,3.1415968
3401,3.1415968
3402,3.1415968
3403,3.1415968
3404,3.1415968
3405,3.1415968
3406,3.1415968
3407,3.1415968
3408,3.1415968
3409,3.1415968
3410,3.1415968
3411,3.1415968
3412,3.1415968
3413,3.1415968
3414,3.1415968
3415,3.1415968
3416,3.1415968
3417,3.1415968
3418,3.1415968
3419,3.1415968
3420,3.1415968
3421,3.1415968
3422,3.1415968
3423,3.1415968
3424,3.1415968
3425,3.1415968
3426,3.1415968
3427,3.1415968
3428,3.1415968
3429,3.1415968
3430,3.1415968
3431,3.1415968
3432,3.1415968
3433,3.1415968
3434,3.1415968
3435,3.1415968
3436,3.1415968
3437,3.1415968
3438,3.1415968
3439,3.1415968
3440,3.1415968
3441,3.1415968
3442,3.1415968
3443,3.1415968
3444,3.1415968
3445,3.1415968
3446,3.1415968
3447,3.1415968
3448,3.1415968
3449,3.1415968
3450,3.1415968
3451,3.1415968
3452,3.1415968
3453,3.1415968
3454,3.1415968
3455,3.1415968
3456,3.1415968
3457,3.1415968
3458,3.1415968
3459,3.1415968
3460,3.1415968
3461,3.1415968
3462,3.1415968
3463,3.1415968
3464,3.1415968
3465,3.1415968
3466,3.1415968
3467,3.1415968
3468,3.1415968
3469,3.1415968
3470,3.1415968
3471,3.1415968
3472,3.1415968
3473,3.1415968
3474,3.1415968
3475,3.1415968
3476,3.1415968
3477,3.1415968
3478,3.1415968
3479,3.1415968
3480,3.1415968
3481,3.1415968
3482,3.1415968
3483,3.1415968
3484,3.1415968
3485,3.1415968
3486,3.1415968
3487,3.1415968
3488,3.1415968
3489,3.1415968
3490,3.1415968
3491,3.1415968
3492,3.1415968
3493,3.1415968
3494,3.1415968
3495,3.1415968
3496,3.1415968
3497,3.1415968
3498,3.1415968
3499,3.1415968
3500,3.1415968
3501,3.1415968
3502,3.1415968
3503,3.1415968
3504,3.1415968
3505,3.1415968
3506,3.1415968
3507,3.1415968
3508,3.1415968
3509,3.1415968
3510,3.1415968
3511,3.1415968
3512,3.1415968
3513,3.1415968
3514,3.1415968
3515,3.1415968
3516,3.1415968
3517,3.1415968
3518,3.1415968
3519,3.1415968
3520,3.1415968
3521,3.1415968
3522,3.1415968
3523,3.1415968
3524,3.1415968
3525,3.1415968
3526,3.1415968
3527,3.1415968
3528,3.1415968
3529,3.1415968
3530,3.1415968
3531,3.1415968
3532,3.1415968
3533,3.1415968
3534,3.1415968
3535,3.1415968
3536,3.1415968
3537,3.1415968
3538,3.1415968
3539,3.1415968
3540,3.1415968
3541,3.1415968
3542,3.1415968
3543,3.1415968
3544,3.1415968
3545,3.1415968
3546,3.1415968
3547,3.1415968
3548,3.1415968
3549,3.1415968
3550,3.1415968
3551,3.1415968
3552,3.1415968
3553,3.1415968
3554,3.1415968
3555,3.1415968
3556,3.1415968
3557,3.1415968
3558,3.1415968
3559,3.1415968
3560,3.1415968
3561,3.1415968
3562,3.1415968
3563,3.1415968
3564,3.1415968
3565,3.1415968
3566,3.1415968
3567,3.1415968
3568,3.1415968
3569,3.1415968
3570,3.1415968
3571,3.1415968
3572,3.1415968
3573,3.1415968
3574,3.1415968
3575,3.1415968
3576,3.1415968
3577,3.1415968
3578,3.1415968
3579,3.1415968
3580,3.1415968
3581,3.1415968
3582,3.1415968
3583,3.1415968
3584,3.1415968
3585,3.1415968
3586,3.1415968
3587,3.1415968
3588,3.1415968
3589,3.1415968
3590,3.1415968
3591,3.1415968
3592,3.1415968
3593,3.1415968
3594,3.1415968
3595,3.1415968
3596,3.1415968
3597,3.1415968
3598,3.1415968
3599,3.1415968
3600,3.1415968
3601,3.1415968
3602,3.1415968
3603,3.1415968
3604,3.1415968
3605,3.1415968
3606,3.1415968
3607,3.1415968
3608,3.1415968
3609,3.1415968
3610,3.1415968
3611,3.1415968
3612,3.1415968
3613,3.1415968
3614,3.1415968
3615,3.1415968
3616,3.1415968
3617,3.1415968
3618,3.1415968
3619,3.1415968
3620,3.1415968
3621,3.1415968
3622,3.1415968
3623,3.1415968
3624,3.1415968
3625,3.1415968
3626,3.1415968
3627,3.1415968
3628,3.1415968
3629,3.1415968
3630,3.1415968
3631,3.1415968
3632,3.1415968
3633,3.1415968
3634,3.1415968
3635,3.1415968
3636,3.1415968
3637,3.1415968
3638,3.1415968
3639,3.1415968
3640,3.1415968
3641,3.1415968
3642,3.1415968
3643,3.1415968
3644,3.1415968
3645,3.1415968
3646,3.1415968
3647,3.1415968
3648,3.1415968
3649,3.1415968
3650,3.1415968
3651,3.1415968
3652,3.1415968
3653,3.1415968
3654,3.1415968
3655,3.1415968
3656,3.1415968
3657,3.1415968
3658,3.1415968
3659,3.1415968
3660,3.1415968
3661,3.1415968
3662,3.1415968
3663,3.1415968
3664,3.1415968
3665,3.1415968
3666,3.1415968
3667,3.1415968
3668,3.1415968
3669,3.1415968
3670,3.1415968
3671,3.1415968
3672,3.1415968
3673,3.1415968
3674,3.1415968
3675,3.1415968
3676,3.1415968
3677,3.1415968
3678,3.1415968
3679,3.1415968
3680,3.1415968
3681,3.1415968
3682,3.1415968
3683,3.1415968
3684,3.1415968
3685,3.1415968
3686,3.1415968
3687,3.1415968
3688,3.1415968
3689,3.1415968
3690,3.1415968
3691,3.1415968
3692,3.1415968
3693,3.1415968
3694,3.1415968
3695,3.1415968
3696,3.1415968
3697,3.1415968
3698,3.1415968
3699,3.1415968
3700,3.1415968
3701,3.1415968
3702,3.1415968
3703,3.1415968
3704,3.1415968
3705,3.1415968
3706,3.1415968
3707,3.1415968
3708,3.1415968
3709,3.1415968
3710,3.1415968
3711,3.1415968
3712,3.1415968
3713,3.1415968
3714,3.1415968
3715,3.1415968
3716,3.1415968
3717,3.1415968
3718,3.1415968
3719,3.1415968
3720,3.1415968
3721,3.1415968
3722,3.1415968
3723,3.1415968
3724,3.1415968
3725,3.1415968
3726,3.1415968
3727,3.1415968
3728,3.1415968
3729,3.1415968
3730,3.1415968
3731,3.1415968
3732,3.1415968
3733,3.1415968
3734,3.1415968
3735,3.1415968
3736,3.1415968
3737,3.1415968
3738,3.1415968
3739,3.1415968
3740,3.1415968
3741,3.1415968
3742,3.1415968
3743,3.1415968
3744,3.1415968
3745,3.1415968
3746,3.1415968
3747,3.1415968
3748,3.1415968
3749,3.1415968
3750,3.1415968
3751,3.1415968
3752,3.1415968
3753,3.1415968
3754,3.1415968
3755,3.1415968
3756,3.1415968
3757,3.1415968
3758,3.1415968
3759,3.1415968
3760,3.1415968
3761,3.1415968
3762,3.1415968
3763,3.1415968
3764,3.1415968
3765,3.1415968
3766,3.1415968
3767,3.1415968
3768,3.1415968
3769,3.1415968
3770,3.1415968
3771,3.1415968
3772,3.1415968
3773,3.1415968
3774,3.1415968
3775,3.1415968
3776,3.1415968
3777,3.1415968
3778,3.1415968
3779,3.1415968
3780,3.1415968
3781,3.1415968
3782,3.1415968
3783,3.1415968
3784,3.1415968
3785,3.1415968
3786,3.1415968
3787,3.1415968
3788,3.1415968
3789,3.1415968
3790,3.1415968
3791,3.1415968
3792,3.1415968
3793,3.1415968
3794,3.1415968
3795,3.1415968
3796,3.1415968
3797,3.1415968
3798,3.1415968
3799,3.1415968
3800,3.1415968
3801,3.1415968
3802,3.1415968
3803,3.1415968
3804,3.1415968
3805,3.1415968
3806,3.1415968
3807,3.1415968
3808,3.1415968
3809,3.1415968
3810,3.1415968
3811,3.1415968
3812,3.1415968
3813,3.1415968
3814,3.1415968
3815,3.1415968
3816,3.1415968
3817,3.1415968
3818,3.1415968
3819,3.1415968
3820,3.1415968
3821,3.1415968
3822,3.1415968
3823,3.1415968
3824,3.1415968
3825,3.1415968
3826,3.1415968
3827,3.1415968
3828,3.1415968
3829,3.1415968
3830,3.1415968
3831,3.1415968
3832,3.1415968
3833,3.1415968
3834,3.1415968
3835,3.1415968
3836,3.1415968
3837,3.1415968
3838,3.1415968
3839,3.1415968
3840,3.1415968
3841,3.1415968
3842,3.1415968
3843,3.1415968
3844,3.1415968
3845,3.1415968
3846,3.1415968
3847,3.1415968
3848,3.1415968
3849,3.1415968
3850,3.1415968
3851,3.1415968
3852,3.1415968
3853,3.1415968
3854,3.1415968
3855,3.1415968
3856,3.1415968
3857,3.1415968
3858,3.1415968
3859,3.1415968
3860,3.1415968
3861,3.1415968
3862,3.1415968
3863,3.1415968
3864,3.1415968
3865,3.1415968
3866,3.1415968
3867,3.1415968
3868,3.1415968
3869,3.1415968
3870,3.1415968
3871,3.1415968
3872,3.1415968
3873,3.1415968
3874,3.1415968
3875,3.1415968
3876,3.1415968
3877,3.1415968
3878,3.1415968
3879,3.1415968
3880,3.1415968
3881,3.1415968
3882,3.1415968
3883,3.1415968
3884,3.1415968
3885,3.1415968
3886,3.1415968
3887,3.1415968
3888,3.1415968
3889,3.1415968
3890,3.1415968
3891,3.1415968
3892,3.1415968
3893,3.1415968
3894,3.1415968
3895,3.1415968
3896,3.1415968
3897,3.1415968
3898,3.1415968
3899,3.1415968
3900,3.1415968
3901,3.1415968
3902,3.1415968
3903,3.1415968
3904,3.1415968
3905,3.1415968
3906,3.1415968
3907,3.14